{
  "evaluation_date": "2025-08-23T13:56:35.167300",
  "system_readiness": {
    "components": {
      "infrastructure_ready": 0.9248989159257752,
      "data_pipeline_ready": 0.9377240920498986,
      "prediction_system_ready": 0.9113845830943543,
      "investment_system_ready": 0.9257801100560434,
      "monitoring_system_ready": 0.9197163958450087,
      "backup_systems_ready": 0.9261444942590351
    },
    "overall_readiness_score": 0.9242747652050193,
    "ready_for_launch": true,
    "critical_issues": []
  },
  "performance_metrics": {
    "current_metrics": {
      "daily_races_processed": 195,
      "automation_rate": 0.8904504199471044,
      "accuracy_rate": 0.926576681260492,
      "avg_processing_time": 117.31951224409632,
      "system_uptime": 0.9988438931196306,
      "roi_achieved": 1.275763904416775,
      "error_rate": 0.021487368201036965
    },
    "evaluation_metrics": {
      "daily_processing_capability": {
        "current_value": 195,
        "target_value": 200,
        "performance_score": 0.975,
        "status": "EXCELLENT",
        "weight": 0.2
      },
      "automation_rate": {
        "current_value": 0.8904504199471044,
        "target_value": 0.95,
        "performance_score": 0.9373162315232678,
        "status": "GOOD",
        "weight": 0.18
      },
      "accuracy_rate": {
        "current_value": 0.926576681260492,
        "target_value": 0.93,
        "performance_score": 0.9963190121080558,
        "status": "EXCELLENT",
        "weight": 0.15
      },
      "processing_efficiency": {
        "current_value": 915.0921955039512,
        "target_value": 600,
        "performance_score": 0.47484634082674804,
        "status": "NEEDS_IMPROVEMENT",
        "weight": 0.12
      },
      "system_reliability": {
        "current_value": 0.9988438931196306,
        "target_value": 0.999,
        "performance_score": 0.9998437368564871,
        "status": "EXCELLENT",
        "weight": 0.1
      },
      "roi_performance": {
        "current_value": 1.275763904416775,
        "target_value": 1.25,
        "performance_score": 1.0,
        "status": "EXCELLENT",
        "weight": 0.1
      },
      "error_handling": {
        "current_value": 0.021487368201036965,
        "target_value": 0.01,
        "performance_score": 0.0,
        "status": "NEEDS_IMPROVEMENT",
        "weight": 0.07
      }
    }
  },
  "capability_tests": {
    "normal_load": {
      "test_name": "Normal Load (200 races)",
      "races_processed": 200,
      "processing_time_minutes": 9.11923953136797,
      "success_rate": 0.9762449164965866,
      "automation_rate": 0.9317909609855479,
      "meets_requirements": true,
      "score": 1.0
    },
    "peak_load": {
      "test_name": "Peak Load (250 races)",
      "races_processed": 250,
      "processing_time_minutes": 19.337657462508112,
      "success_rate": 0.9086171799629177,
      "automation_rate": 0.8824938061953648,
      "meets_requirements": false,
      "score": 0.5873366394847375
    },
    "edge_cases": {
      "test_name": "Edge Case Handling",
      "edge_cases_total": 100,
      "edge_cases_handled": 89,
      "success_rate": 0.89,
      "meets_requirements": true,
      "score": 0.89
    },
    "automation_accuracy": {
      "test_name": "Automation Decision Accuracy",
      "total_decisions": 100,
      "correct_decisions": 97,
      "success_rate": 0.97,
      "meets_requirements": true,
      "score": 0.97
    }
  },
  "integration_tests": {
    "data_flow": {
      "test_name": "Data Flow Integration",
      "success_rate": 0.953060414228642,
      "avg_latency_ms": 96.28907739372814,
      "meets_requirements": true,
      "score": 1.0
    },
    "prediction_investment": {
      "test_name": "Prediction-Investment Integration",
      "success_rate": 0.9094031003059854,
      "sync_accuracy": 0.91025800166232,
      "meets_requirements": false,
      "score": 0.9098305509841527
    },
    "monitoring": {
      "test_name": "Monitoring Integration",
      "success_rate": 0.9796924317257827,
      "alert_accuracy": 0.9382250964159997,
      "meets_requirements": true,
      "score": 0.9589587640708912
    },
    "api": {
      "test_name": "API Integration",
      "success_rate": 0.9247256287787209,
      "avg_response_time_ms": 190.85752992681037,
      "meets_requirements": false,
      "score": 1.0
    }
  },
  "scalability_tests": {
    "horizontal_scaling": {
      "test_name": "Horizontal Scaling",
      "baseline_capacity": 200,
      "scaled_capacity": 290,
      "scalability_factor": 1.45,
      "meets_requirements": true,
      "score": 1.0
    },
    "vertical_scaling": {
      "test_name": "Vertical Scaling",
      "baseline_performance": 1.0,
      "scaled_performance": 1.429479042309544,
      "scalability_factor": 1.429479042309544,
      "meets_requirements": true,
      "score": 1.0
    },
    "load_balancing": {
      "test_name": "Load Balancing",
      "load_distribution_efficiency": 0.9076211618961942,
      "failover_success_rate": 0.9501380209679022,
      "scalability_factor": 0.9288795914320482,
      "meets_requirements": true,
      "score": 0.9288795914320482
    }
  },
  "reliability_tests": {
    "fault_tolerance": {
      "test_name": "Fault Tolerance",
      "fault_scenarios": 10,
      "successfully_handled": 8,
      "reliability_score": 0.8,
      "meets_requirements": false,
      "score": 0.8
    },
    "recovery": {
      "test_name": "System Recovery",
      "recovery_scenarios": 5,
      "successful_recoveries": 5,
      "avg_recovery_time_minutes": 6.350894827031615,
      "reliability_score": 1.0,
      "meets_requirements": true,
      "score": 1.0
    },
    "stress_test": {
      "test_name": "Stress Resilience",
      "stress_duration_minutes": 30,
      "performance_degradation_percent": 15.875720322613416,
      "reliability_score": 0.8412427967738658,
      "meets_requirements": true,
      "score": 0.8412427967738658
    }
  },
  "overall_assessment": {
    "category_scores": {
      "system_readiness": 0.9242747652050193,
      "performance": 0.7701307080752551,
      "capability": 0.8618341598711844,
      "integration": 0.967197328763761,
      "scalability": 0.9762931971440162,
      "reliability": 0.8804142655912885
    },
    "category_weights": {
      "system_readiness": 0.25,
      "performance": 0.3,
      "capability": 0.2,
      "integration": 0.1,
      "scalability": 0.1,
      "reliability": 0.05
    },
    "overall_score": 0.8728445015684104,
    "score_out_of_100": 87.28445015684105,
    "assessment_level": "GOOD - 軽微な改善後運用開始"
  },
  "launch_recommendation": {
    "recommendation": "LAUNCH_WITH_MONITORING",
    "launch_status": "強化監視下でのMonth 2運用開始",
    "confidence_level": "MEDIUM_HIGH",
    "overall_score": 87.28445015684105,
    "ready_for_production": true,
    "improvement_recommendations": [
      "処理効率向上のためのパイプライン最適化",
      "Peak Load (250 races)の性能改善"
    ],
    "estimated_launch_timeline": "短期 (3-5日)"
  },
  "improvement_recommendations": []
}