{
  "inner_advantage_1": -0.2700000000000001,
  "outer_advantage_4": 0.09999999999999999,
  "outer_advantage_5": 0.4000000000000002,
  "inner_advantage_3": -0.12999999999999998,
  "outer_advantage_6": 0.38000000000000017,
  "inner_advantage_2": -0.23000000000000007
}